asset_id,case,angle,originating_officer,coverage,duration,longest_public_access,source_ids,next_action,gate
BET-F01,Bethel,Jonathan Bouma BWC,Jonathan Bouma,initial stop; pursuit/arrest reported,unknown,KYUK-held excerpt/stills only; no stable raw URL located,BET-S01; BET-S02,"Request native original, audit/export metadata, redaction log",HOLD
BET-F02,Bethel,Jonathan Murphy BWC,Jonathan Murphy,inactive at initial stop; activated at unknown later point,unknown,no public raw URL located,BET-S01; BET-S02,Request all native segments plus activation/audit logs,HOLD
BET-F03,Bethel,Third officer BWC,officer identity not established,post-pursuit arrest; reporting says all three officers captured footage,unknown,no public raw URL located,BET-S02,Identify officer from roster/CAD/reports; request native file,HOLD
BET-F04,Bethel,KYUK published footage/excerpts,BPD footage; edited/published by KYUK,incident excerpts/stills,unknown,KYUK articles; no discrete longest-video URL found,BET-S01; BET-S03; BET-S04,Obtain screener and written case-specific license/provenance,HOLD
SOL-F01,Solano,AXON body video,Dalton McCampbell,encounter and aftermath,18:47,https://www.youtube.com/watch?v=9rFwYkl5BZQ,SOL-Y01; SOL-S01,Acquire native export/hash and redaction/export log; verify continuity,CONDITIONAL
SOL-F02,Solano,In-car/dash video,originating patrol unit not conclusively identified,"arrival, roadside scene, aftermath; core struggle partly outside view",43:01,https://www.youtube.com/watch?v=0Yb_EMkSeyQ,SOL-Y02; SOL-S02,Acquire native file and vehicle/unit provenance,CONDITIONAL
SOL-F03,Solano,Lisa McDowell BWC,Lisa McDowell,potential second bodycam angle,unknown,not publicly released/located,SOL-S04,"Request file, nonexistence declaration, activation/audit/deletion logs",HOLD
SOL-F04,Solano,Supervisor/deputy discussion clip,camera origin not conclusively established,post-incident discussion,1:22,https://www.youtube.com/watch?v=Uxj9o4akC5U,SOL-Y11,Trace to native parent file and establish chain/provenance,CONDITIONAL
SOL-F05,Solano,43-minute republication,Solano NewsNet compilation/republication,bodycam/dash material,43:00,https://www.youtube.com/watch?v=PDOI0YVR56w,SOL-Y03,Do not treat as native; obtain permission/provenance if used,CONDITIONAL
